<?xml version="1.0" encoding="UTF-8"?>
<project-private xmlns="http://www.netbeans.org/ns/project-private/1">
    <editor-bookmarks xmlns="http://www.netbeans.org/ns/editor-bookmarks/2" lastBookmarkId="0"/>
    <open-files xmlns="http://www.netbeans.org/ns/projectui-open-files/2">
        <group>
            <file>file:/C:/Users/Affiliate%20Marketing/Desktop/BITM/Lab%204/abstractExample/src/abstractexample/SavingsAccount.java</file>
            <file>file:/C:/Users/Affiliate%20Marketing/Desktop/BITM/Lab%204/abstractExample/src/abstractexample/CheckingAccount.java</file>
            <file>file:/C:/Users/Affiliate%20Marketing/Desktop/BITM/Lab%204/abstractExample/src/abstractexample/BankAccount.java</file>
            <file>file:/C:/Users/Affiliate%20Marketing/Desktop/BITM/Lab%204/abstractExample/src/abstractexample/MainClass.java</file>
        </group>
    </open-files>
</project-private>
