<?xml version="1.0" encoding="UTF-8"?>
<project-private xmlns="http://www.netbeans.org/ns/project-private/1">
    <editor-bookmarks xmlns="http://www.netbeans.org/ns/editor-bookmarks/2" lastBookmarkId="0"/>
    <open-files xmlns="http://www.netbeans.org/ns/projectui-open-files/2">
        <group>
            <file>file:/D:/Programming/BITM/Lab%203/assignment/src/assignment/Cast.java</file>
            <file>file:/D:/Programming/BITM/Lab%203/assignment/src/assignment/MainClass.java</file>
            <file>file:/D:/Programming/BITM/Lab%203/assignment/src/assignment/Crew.java</file>
            <file>file:/D:/Programming/BITM/Lab%203/assignment/src/assignment/Movie.java</file>
        </group>
    </open-files>
</project-private>
